"city";"region"
абаза;Республика Хакасия
абакан;Республика Хакасия
абдулино;Оренбургская область
абинск;Краснодарский край
агидель;Республика Башкортостан
агрыз;Республика Татарстан (Татарстан)
адыгейск;Республика Адыгея (Адыгея)
адыгея;Республика Адыгея (Адыгея)
азнакаево;Республика Татарстан (Татарстан)
ак-довурак;Республика Тыва
аксай;Ростовская область
алагир;Республика Северная Осетия — Алания
алапаевск;Свердловская область
алатырь;Чувашская Республика — Чувашия
алдан;Республика Саха (Якутия)
алейск;Республика Алтай
александров;Владимирская область
александровск;Пермский край
александровск-сахалинский;Сахалинская область
алексеевка;Белгородская область
алексин;Тульская область
алзамай;Иркутская область
алтай;Республика Алтай
алупка;Республика Крым
алушта;Республика Крым
альметьевск;Республика Татарстан (Татарстан)
анадырь;Чукотский автономный округ
анапа;Краснодарский край
ангарск;Иркутская область
андреаполь;Тверская область
анжеро-судженск;Кемеровская область — Кузбасс
анива;Сахалинская область
апатиты;Мурманская область
апрелевка;Московская область
апшеронск;Краснодарский край
арамиль;Свердловская область
аргун;Чеченская Республика
ардатов;Республика Мордовия
ардон;Республика Северная Осетия — Алания
арзамас;Нижегородская область
аркадак;Саратовская область
армавир;Краснодарский край
армянск;Республика Крым
арсеньев;Приморский край
артем;Приморский край
артемовск;Красноярский край
артемовский;Свердловская область
архангельск;Архангельская область
асбест;Свердловская область
асино;Томская область
астрахань;Астраханская область
аткарск;Саратовская область
ахтубинск;Астраханская область
ачинск;Красноярский край
ачхой-мартан;Чеченская Республика
бабаево;Вологодская область
бабушкин;Республика Бурятия
бавлы;Республика Татарстан (Татарстан)
багратионовск;Калининградская область
байкальск;Иркутская область
баймак;Республика Башкортостан
бакал;Челябинская область
баксан;Кабардино-Балкарская Республика
балабаново;Калужская область
балаково;Саратовская область
балахна;Нижегородская область
балашиха;Московская область
балашов;Саратовская область
балей;Забайкальский край
балтийск;Калининградская область
барабинск;Новосибирская область
барнаул;Республика Алтай
барыш;Ульяновская область
батайск;Ростовская область
бахчисарай;Республика Крым
бежецк;Тверская область
белая калитва;Ростовская область
белая холуница;Кировская область
белгород;Белгородская область
белебей;Республика Башкортостан
белев;Тульская область
белинский;Пензенская область
белово;Кемеровская область — Кузбасс
белозерск;Вологодская область
белокуриха;Республика Алтай
беломорск;Республика Карелия
белоозерский;Московская область
белорецк;Республика Башкортостан
белореченск;Краснодарский край
белоусово;Калужская область
белоярский;Ханты-Мансийский Автономный округ — Югра
белый;Тверская область
бердск;Новосибирская область
березники;Пермский край
беслан;Республика Северная Осетия — Алания
бийск;Республика Алтай
бикин;Хабаровский край
билибино;Чукотский автономный округ
биробиджан;Еврейская автономная область
бирск;Республика Башкортостан
бирюсинск;Иркутская область
бирюч;Белгородская область
благодарный;Ставропольский край
бобров;Воронежская область
богданович;Свердловская область
богородицк;Тульская область
богородск;Нижегородская область
боготол;Красноярский край
богучар;Воронежская область
бодайбо;Иркутская область
бокситогорск;Ленинградская область
болгар;Республика Татарстан (Татарстан)
бологое;Тверская область
болотное;Новосибирская область
болохово;Тульская область
болхов;Орловская область
большой камень;Приморский край
борзя;Забайкальский край
борисоглебск;Воронежская область
боровичи;Новгородская область
боровск;Калужская область
бородино;Красноярский край
братск;Иркутская область
бронницы;Московская область
брянск;Брянская область
бугры;Ленинградская область
бугульма;Республика Татарстан (Татарстан)
бугуруслан;Оренбургская область
буденновск;Ставропольский край
бузулук;Оренбургская область
буинск;Республика Татарстан (Татарстан)
буйнакск;Республика Дагестан
бутурлиновка;Воронежская область
валдай;Новгородская область
валуйки;Белгородская область
велиж;Смоленская область
великие луки;Псковская область
великий новгород;Новгородская область
великий устюг;Вологодская область
вельск;Архангельская область
венев;Тульская область
верещагино;Пермский край
верея;Московская область
верхнеуральск;Челябинская область
верхний тагил;Свердловская область
верхний уфалей;Челябинская область
верхняя пышма;Свердловская область
верхняя салда;Свердловская область
верхняя тура;Свердловская область
верхотурье;Свердловская область
верхоянск;Республика Саха (Якутия)
весьегонск;Тверская область
ветлуга;Нижегородская область
видное;Московская область
вилюйск;Республика Саха (Якутия)
вилючинск;Камчатский край
вихоревка;Иркутская область
вичуга;Ивановская область
владивосток;Приморский край
владикавказ;Республика Северная Осетия — Алания
владимир;Владимирская область
волгоград;Волгоградская область
волгодонск;Ростовская область
волгореченск;Костромская область
волжск;Республика Марий Эл
волжский;Волгоградская область
вологда;Вологодская область
володарск;Нижегородская область
волоколамск;Московская область
волосово;Ленинградская область
волхов;Ленинградская область
волчанск;Свердловская область
вольск;Саратовская область
воркута;Республика Коми
воронеж;Воронежская область
ворсма;Нижегородская область
воскресенск;Московская область
воткинск;Удмуртская Республика
всеволожск;Ленинградская область
вуктыл;Республика Коми
выборг;Ленинградская область
выкса;Нижегородская область
высоковск;Московская область
высоцк;Ленинградская область
вытегра;Вологодская область
вышний волочек;Тверская область
вяземский;Хабаровский край
вязники;Владимирская область
вязьма;Смоленская область
вятские поляны;Кировская область
гаврилов посад;Ивановская область
гаврилов-ям;Ярославская область
гагарин;Смоленская область
гаджиево;Мурманская область
галич;Костромская область
гатчина;Ленинградская область
гвардейск;Калининградская область
геленджик;Краснодарский край
георгиевск;Ставропольский край
глазов;Удмуртская Республика
голицыно;Московская область
горбатов;Нижегородская область
горно-алтайск;Республика Алтай
горнозаводск;Пермский край
горняк;Республика Алтай
городец;Нижегородская область
городище;Пензенская область
городовиковск;Республика Калмыкия
гороховец;Владимирская область
горячий ключ;Краснодарский край
грайворон;Белгородская область
гремячинск;Пермский край
грозный;Чеченская Республика
грязи;Липецкая область
грязовец;Вологодская область
губаха;Пермский край
губкин;Белгородская область
губкинский;Тюменская область
гудермес;Чеченская Республика
гуково;Ростовская область
гулькевичи;Краснодарский край
гусев;Калининградская область
гусиноозерск;Республика Бурятия
гусь-хрустальный;Владимирская область
давлеканово;Республика Башкортостан
дагестанские огни;Республика Дагестан
далматово;Курганская область
дальнегорск;Приморский край
дальнереченск;Приморский край
данилов;Ярославская область
данков;Липецкая область
дегтярск;Свердловская область
дедовск;Московская область
демидов;Смоленская область
дербент;Республика Дагестан
десногорск;Смоленская область
джанкой;Республика Крым
дзержинск;Нижегородская область
дзержинский;Московская область
дивногорск;Красноярский край
дигора;Республика Северная Осетия — Алания
димитровград;Ульяновская область
дмитриев;Курская область
дмитров;Московская область
дмитровск;Орловская область
добрянка;Пермский край
долгопрудный;Московская область
долинск;Сахалинская область
домодедово;Московская область
донецк;Ростовская область
донской;Тульская область
дорогобуж;Смоленская область
дрезна;Московская область
дубна;Московская область
дубовка;Волгоградская область
дудинка;Красноярский край
духовщина;Смоленская область
дюртюли;Республика Башкортостан
дятьково;Брянская область
евпатория;Республика Крым
егорьевск;Московская область
екатеринбург;Свердловская область
елабуга;Республика Татарстан (Татарстан)
елизово;Камчатский край
ельня;Смоленская область
еманжелинск;Челябинская область
енисейск;Красноярский край
ермолино;Калужская область
ершов;Саратовская область
ессентуки;Ставропольский край
ефремов;Тульская область
железноводск;Ставропольский край
железногорск-илимский;Иркутская область
жердевка;Тамбовская область
жигулевск;Самарская область
жиздра;Калужская область
жирновск;Волгоградская область
жуков;Калужская область
жуковка;Брянская область
жуковский;Московская область
завитинск;Амурская область
заводоуковск;Тюменская область
заволжск;Ивановская область
заволжье;Нижегородская область
задонск;Липецкая область
заинск;Республика Татарстан (Татарстан)
закаменск;Республика Бурятия
заозерный;Красноярский край
заозерск;Мурманская область
западная двина;Тверская область
заполярный;Мурманская область
зарайск;Московская область
заринск;Республика Алтай
звенигово;Республика Марий Эл
звенигород;Московская область
зверево;Ростовская область
зеленогорск;Красноярский край
зеленоградск;Калининградская область
зеленодольск;Республика Татарстан (Татарстан)
зеленокумск;Ставропольский край
зерноград;Ростовская область
златоуст;Челябинская область
злынка;Брянская область
змеиногорск;Республика Алтай
знаменск;Астраханская область
зубцов;Тверская область
зуевка;Кировская область
ивангород;Ленинградская область
иваново;Ивановская область
ивантеевка;Московская область
ивдель;Свердловская область
игарка;Красноярский край
ижевск;Удмуртская Республика
избербаш;Республика Дагестан
изобильный;Ставропольский край
иланский;Красноярский край
иннополис;Республика Татарстан (Татарстан)
инсар;Республика Мордовия
ипатово;Ставропольский край
ирбит;Свердловская область
иркутск;Иркутская область
исилькуль;Омская область
искитим;Новосибирская область
истра;Московская область
ишимбай;Республика Башкортостан
йошкар-ола;Республика Марий Эл
кадников;Вологодская область
казань;Республика Татарстан (Татарстан)
калач;Воронежская область
калач-на-дону;Волгоградская область
калачинск;Омская область
калининград;Калининградская область
калининск;Саратовская область
калтан;Кемеровская область — Кузбасс
калуга;Калужская область
калужская обл;Калужская область
калужской обл;Калужская область
калязин;Тверская область
камбарка;Удмуртская Республика
каменка;Пензенская область
каменногорск;Ленинградская область
каменск-уральский;Свердловская область
каменск-шахтинский;Ростовская область
камень-на-оби;Республика Алтай
камешково;Владимирская область
камызяк;Астраханская область
камышин;Волгоградская область
камышлов;Свердловская область
канаш;Чувашская Республика — Чувашия
кандалакша;Мурманская область
канск;Красноярский край
карабаново;Владимирская область
карабаш;Челябинская область
карабулак;Республика Ингушетия
карасук;Новосибирская область
карачаевск;Карачаево-Черкесская Республика
карачев;Брянская область
каргат;Новосибирская область
каргополь;Архангельская область
карпинск;Свердловская область
карталы;Челябинская область
касимов;Рязанская область
касли;Челябинская область
каспийск;Республика Дагестан
катав-ивановск;Челябинская область
катайск;Курганская область
качканар;Свердловская область
кашин;Тверская область
кашира;Московская область
кедровый;Томская область
кемерово;Кемеровская область — Кузбасс
керчь;Республика Крым
кизел;Пермский край
кизилюрт;Республика Дагестан
кизляр;Республика Дагестан
кимовск;Тульская область
кимры;Тверская область
кингисепп;Ленинградская область
кинель;Самарская область
кинешма;Ивановская область
киреевск;Тульская область
киренск;Иркутская область
киржач;Владимирская область
кириллов;Вологодская область
кириши;Ленинградская область
киров;Кировская область
кировград;Свердловская область
кирово-чепецк;Кировская область
кирсанов;Тамбовская область
киселевск;Кемеровская область — Кузбасс
кисловодск;Ставропольский край
клинцы;Брянская область
княгинино;Нижегородская область
ковдор;Мурманская область
ковров;Владимирская область
ковылкино;Республика Мордовия
когалым;Ханты-Мансийский Автономный округ — Югра
кодинск;Красноярский край
козельск;Калужская область
козловка;Чувашская Республика — Чувашия
козьмодемьянск;Республика Марий Эл
кологрив;Костромская область
коломна;Московская область
колпашево;Томская область
колтуши;Ленинградская область
кольчугино;Владимирская область
коммунар;Ленинградская область
комсомольск;Ивановская область
комсомольск-на-амуре;Хабаровский край
конаково;Тверская область
кондопога;Республика Карелия
кондрово;Калужская область
константиновск;Ростовская область
копейск;Челябинская область
кораблино;Рязанская область
кореновск;Краснодарский край
коркино;Челябинская область
королев;Московская область
короча;Белгородская область
корсаков;Сахалинская область
коряжма;Архангельская область
костерево;Владимирская область
костомукша;Республика Карелия
кострома;Костромская область
котельники;Московская область
котельниково;Волгоградская область
котельнич;Кировская область
котлас;Архангельская область
котово;Волгоградская область
котовск;Тамбовская область
кохма;Ивановская область
красавино;Вологодская область
красновишерск;Пермский край
красногорск;Московская область
краснодар;Краснодарский край
краснозаводск;Московская область
краснокаменск;Забайкальский край
краснокамск;Пермский край
красноперекопск;Республика Крым
краснотурьинск;Свердловская область
красноуральск;Свердловская область
красноуфимск;Свердловская область
красноярск;Красноярский край
красный кут;Саратовская область
красный сулин;Ростовская область
красный холм;Тверская область
кременки;Калужская область
кропоткин;Краснодарский край
крымск;Краснодарский край
кстово;Нижегородская область
кубинка;Московская область
кувандык;Оренбургская область
кувшиново;Тверская область
кудрово;Ленинградская область
кудымкар;Пермский край
кузнецк;Пензенская область
куйбышев;Новосибирская область
кукмор;Республика Татарстан (Татарстан)
кулебаки;Нижегородская область
кумертау;Республика Башкортостан
кунгур;Пермский край
купино;Новосибирская область
курган;Курганская область
курганинск;Краснодарский край
курильск;Сахалинская область
курлово;Владимирская область
куровское;Московская область
курск;Курская область
куртамыш;Курганская область
курчалой;Чеченская Республика
курчатов;Курская область
кушва;Свердловская область
кызыл;Республика Тыва
кыштым;Челябинская область
кяхта;Республика Бурятия
лабинск;Краснодарский край
лабытнанги;Тюменская область
лагань;Республика Калмыкия
ладушкин;Калининградская область
лаишево;Республика Татарстан (Татарстан)
лакинск;Владимирская область
лангепас;Ханты-Мансийский Автономный округ — Югра
лахденпохья;Республика Карелия
лебедянь;Липецкая область
лениногорск;Республика Татарстан (Татарстан)
ленинск;Волгоградская область
ленинск-кузнецкий;Кемеровская область — Кузбасс
ленск;Республика Саха (Якутия)
лермонтов;Ставропольский край
лесной;Свердловская область
лесозаводск;Приморский край
лесосибирск;Красноярский край
ливны;Орловская область
ликино-дулево;Московская область
липецк;Липецкая область
липки;Тульская область
лиски;Воронежская область
лихославль;Тверская область
лобня;Московская область
лодейное поле;Ленинградская область
лосино-петровский;Московская область
лукоянов;Нижегородская область
луховицы;Московская область
лысково;Нижегородская область
лысьва;Пермский край
лыткарино;Московская область
льгов;Курская область
любань;Ленинградская область
люберцы;Московская область
любим;Ярославская область
людиново;Калужская область
лянтор;Ханты-Мансийский Автономный округ — Югра
магадан;Магаданская область
магас;Республика Ингушетия
магнитогорск;Челябинская область
майкоп;Республика Адыгея (Адыгея)
майский;Кабардино-Балкарская Республика
макаров;Сахалинская область
макарьев;Костромская область
макушино;Курганская область
малая вишера;Новгородская область
малгобек;Республика Ингушетия
малмыж;Кировская область
малоархангельск;Орловская область
малоярославец;Калужская область
мамадыш;Республика Татарстан (Татарстан)
мамоново;Калининградская область
мантурово;Костромская область
мариинск;Кемеровская область — Кузбасс
мариинский посад;Чувашская Республика — Чувашия
маркс;Саратовская область
махачкала;Республика Дагестан
мглин;Брянская область
мегион;Ханты-Мансийский Автономный округ — Югра
медвежьегорск;Республика Карелия
медногорск;Оренбургская область
медынь;Калужская область
межгорье;Республика Башкортостан
междуреченск;Кемеровская область — Кузбасс
мезень;Архангельская область
меленки;Владимирская область
мелеуз;Республика Башкортостан
менделеевск;Республика Татарстан (Татарстан)
мензелинск;Республика Татарстан (Татарстан)
мещовск;Калужская область
миасс;Челябинская область
микунь;Республика Коми
миллерово;Ростовская область
минеральные воды;Ставропольский край
минусинск;Красноярский край
миньяр;Челябинская область
михайлов;Рязанская область
михайловка;Волгоградская область
мичуринск;Тамбовская область
могоча;Забайкальский край
можайск;Московская область
можга;Удмуртская Республика
моздок;Республика Северная Осетия — Алания
мончегорск;Мурманская область
морозовск;Ростовская область
моршанск;Тамбовская область
мосальск;Калужская область
москв;Москва
москва;Москва
муравленко;Тюменская область
мураши;Кировская область
мурино;Ленинградская область
мурманск;Мурманская область
муром;Владимирская область
мценск;Орловская область
мыски;Кемеровская область — Кузбасс
мытищи;Московская область
мышкин;Ярославская область
набережные челны;Республика Татарстан (Татарстан)
навашино;Нижегородская область
наволоки;Ивановская область
надым;Тюменская область
назарово;Красноярский край
назрань;Республика Ингушетия
называевск;Омская область
нальчик;Кабардино-Балкарская Республика
нариманов;Астраханская область
наро-фоминск;Московская область
нарткала;Кабардино-Балкарская Республика
нарьян-мар;Архангельская область
наурская;Чеченская Республика
находка;Приморский край
невель;Псковская область
невельск;Сахалинская область
невинномысск;Ставропольский край
невьянск;Свердловская область
нелидово;Тверская область
неман;Калининградская область
нерехта;Костромская область
нерчинск;Забайкальский край
нерюнгри;Республика Саха (Якутия)
нестеров;Калининградская область
нефтегорск;Самарская область
нефтекамск;Республика Башкортостан
нефтекумск;Ставропольский край
нефтеюганск;Ханты-Мансийский Автономный округ — Югра
нижневартовск;Ханты-Мансийский Автономный округ — Югра
нижнекамск;Республика Татарстан (Татарстан)
нижнеудинск;Иркутская область
нижние серги;Свердловская область
нижний ломов;Пензенская область
нижний новгород;Нижегородская область
нижний тагил;Свердловская область
нижняя салда;Свердловская область
нижняя тура;Свердловская область
николаевск;Волгоградская область
николаевск-на-амуре;Хабаровский край
никольское;Ленинградская область
новая ладога;Ленинградская область
новая ляля;Свердловская область
новоалександровск;Ставропольский край
новоалтайск;Республика Алтай
новоаннинский;Волгоградская область
нововоронеж;Воронежская область
новодвинск;Архангельская область
новозыбков;Брянская область
новокубанск;Краснодарский край
новокузнецк;Кемеровская область — Кузбасс
новокуйбышевск;Самарская область
новомичуринск;Рязанская область
новомосковск;Тульская область
новопавловск;Ставропольский край
новоржев;Псковская область
новороссийск;Краснодарский край
новосибирск;Новосибирская область
новосиль;Орловская область
новосокольники;Псковская область
новотроицк;Оренбургская область
новоузенск;Саратовская область
новоульяновск;Ульяновская область
новоуральск;Свердловская область
новохоперск;Воронежская область
новочебоксарск;Чувашская Республика — Чувашия
новочеркасск;Ростовская область
новошахтинск;Ростовская область
новый оскол;Белгородская область
новый уренгой;Тюменская область
ногинск;Московская область
нолинск;Кировская область
норильск;Красноярский край
ноябрьск;Тюменская область
нурлат;Республика Татарстан (Татарстан)
нытва;Пермский край
нюрба;Республика Саха (Якутия)
нягань;Ханты-Мансийский Автономный округ — Югра
нязепетровск;Челябинская область
няндома;Архангельская область
облучье;Еврейская автономная область
обнинск;Калужская область
обоянь;Курская область
одинцово;Московская область
озеры;Московская область
ойсхара;Чеченская Республика
октябрьск;Самарская область
октябрьский;Республика Башкортостан
окуловка;Новгородская область
олекминск;Республика Саха (Якутия)
оленегорск;Мурманская область
олонец;Республика Карелия
омутнинск;Кировская область
онега;Архангельская область
опочка;Псковская область
орел;Орловская область
оренбург;Оренбургская область
орехово-зуево;Московская область
орлов;Кировская область
осинники;Кемеровская область — Кузбасс
осташков;Тверская область
остров;Псковская область
островной;Мурманская область
острогожск;Воронежская область
отрадное;Ленинградская область
отрадный;Самарская область
оханск;Пермский край
павлово;Нижегородская область
павловск;Воронежская область
павловский посад;Московская область
палласовка;Волгоградская область
партизанск;Приморский край
певек;Чукотский автономный округ
пенза;Пензенская область
первомайск;Нижегородская область
первоуральск;Свердловская область
перевоз;Нижегородская область
пересвет;Московская область
переславль-залесский;Ярославская область
пермь;Пермский край
пестово;Новгородская область
петров вал;Волгоградская область
петровск;Саратовская область
петровск-забайкальский;Забайкальский край
петрозаводск;Республика Карелия
петропавловск-камчатский;Камчатский край
петухово;Курганская область
петушки;Владимирская область
печора;Республика Коми
печоры;Псковская область
пикалево;Ленинградская область
пионерский;Калининградская область
питкяранта;Республика Карелия
плавск;Тульская область
пласт;Челябинская область
поворино;Воронежская область
подольск;Московская область
подпорожье;Ленинградская область
покачи;Ханты-Мансийский Автономный округ — Югра
покров;Владимирская область
покровск;Республика Саха (Якутия)
полевской;Свердловская область
полесск;Калининградская область
полысаево;Кемеровская область — Кузбасс
полярные зори;Мурманская область
полярный;Мурманская область
поронайск;Сахалинская область
порхов;Псковская область
похвистнево;Самарская область
почеп;Брянская область
починок;Смоленская область
пошехонье;Ярославская область
правдинск;Калининградская область
приволжск;Ивановская область
приморско-ахтарск;Краснодарский край
приозерск;Ленинградская область
прокопьевск;Кемеровская область — Кузбасс
пролетарск;Ростовская область
протвино;Московская область
прохладный;Кабардино-Балкарская Республика
псков;Псковская область
пугачев;Саратовская область
пудож;Республика Карелия
пустошка;Псковская область
пучеж;Ивановская область
пушкино;Московская область
пущино;Московская область
пыталово;Псковская область
пыть-ях;Ханты-Мансийский Автономный округ — Югра
пятигорск;Ставропольский край
райчихинск;Амурская область
раменское;Московская область
рассказово;Тамбовская область
ревда;Свердловская область
реутов;Московская область
родники;Ивановская область
рославль;Смоленская область
россошь;Воронежская область
ростов великий;Ярославская область
ростов-на-дону;Ростовская область
ростовская обл;Ростовская область
ростовской обл;Ростовская область
рошаль;Московская область
ртищево;Саратовская область
рубцовск;Республика Алтай
рудня;Смоленская область
рузаевка;Республика Мордовия
рыбинск;Ярославская область
рыбное;Рязанская область
рыльск;Курская область
ряжск;Рязанская область
рязань;Рязанская область
саки;Республика Крым
салават;Республика Башкортостан
салаир;Кемеровская область — Кузбасс
салехард;Тюменская область
сальск;Ростовская область
самара;Самарская область
санкт-петербург;Санкт-Петербург
саранск;Республика Мордовия
сарапул;Удмуртская Республика
саратов;Саратовская область
саров;Нижегородская область
сасово;Рязанская область
сатка;Челябинская область
сафоново;Смоленская область
саяногорск;Республика Хакасия
саянск;Иркутская область
светлогорск;Калининградская область
светлоград;Ставропольский край
светлый;Калининградская область
светогорск;Ленинградская область
свирск;Иркутская область
свободный;Амурская область
себеж;Псковская область
севастополь;Севастополь
северо-курильск;Сахалинская область
северобайкальск;Республика Бурятия
северодвинск;Архангельская область
североморск;Мурманская область
североуральск;Свердловская область
северск;Томская область
севск;Брянская область
сегежа;Республика Карелия
сельцо;Брянская область
семенов;Нижегородская область
семикаракорск;Ростовская область
семилуки;Воронежская область
сенгилей;Ульяновская область
серафимович;Волгоградская область
сергач;Нижегородская область
сергиев посад;Московская область
сердобск;Пензенская область
серноводское;Чеченская Республика
серов;Свердловская область
серпухов;Московская область
сертолово;Ленинградская область
сибай;Республика Башкортостан
симферополь;Республика Крым
сковородино;Амурская область
скопин;Рязанская область
славгород;Республика Алтай
славск;Калининградская область
славянск-на-кубани;Краснодарский край
сланцы;Ленинградская область
слободской;Кировская область
слюдянка;Иркутская область
смоленск;Смоленская область
снежинск;Челябинская область
снежногорск;Мурманская область
собинка;Владимирская область
советская гавань;Хабаровский край
советский;Ханты-Мансийский Автономный округ — Югра
сокол;Вологодская область
солигалич;Костромская область
соликамск;Пермский край
солнечногорск;Московская область
соль-илецк;Оренбургская область
сольвычегодск;Архангельская область
сольцы;Новгородская область
сорочинск;Оренбургская область
сорск;Республика Хакасия
сортавала;Республика Карелия
сосенский;Калужская область
сосновка;Кировская область
сосновоборск;Красноярский край
сосновый бор;Ленинградская область
сосногорск;Республика Коми
спас-деменск;Калужская область
спас-клепики;Рязанская область
спасск;Пензенская область
спасск-дальний;Приморский край
спасск-рязанский;Рязанская область
среднеколымск;Республика Саха (Якутия)
среднеуральск;Свердловская область
сретенск;Забайкальский край
ставрополь;Ставропольский край
старая купавна;Московская область
старая русса;Новгородская область
старица;Тверская область
стародуб;Брянская область
старый крым;Республика Крым
старый оскол;Белгородская область
стерлитамак;Республика Башкортостан
стрежевой;Томская область
строитель;Белгородская область
струнино;Владимирская область
ступино;Московская область
суворов;Тульская область
судак;Республика Крым
суджа;Курская область
судогда;Владимирская область
суздаль;Владимирская область
сунжа;Республика Ингушетия
суоярви;Республика Карелия
сураж;Брянская область
сургут;Ханты-Мансийский Автономный округ — Югра
суровикино;Волгоградская область
сурск;Пензенская область
сусуман;Магаданская область
сухиничи;Калужская область
сухой лог;Свердловская область
сызрань;Самарская область
сыктывкар;Республика Коми
сысерть;Свердловская область
сычевка;Смоленская область
сясьстрой;Ленинградская область
тавда;Свердловская область
таганрог;Ростовская область
тайга;Кемеровская область — Кузбасс
тайшет;Иркутская область
талдом;Московская область
талица;Свердловская область
тамбов;Тамбовская область
тарко-сале;Тюменская область
таруса;Калужская область
татарск;Новосибирская область
татарстан;Республика Татарстан (Татарстан)
таштагол;Кемеровская область — Кузбасс
тверская обл;Тверская область
тверь;Тверская область
теберда;Карачаево-Черкесская Республика
тейково;Ивановская область
тельмана;Ленинградская область
темников;Республика Мордовия
темрюк;Краснодарский край
терек;Кабардино-Балкарская Республика
тетюши;Республика Татарстан (Татарстан)
тимашевск;Краснодарский край
тихвин;Ленинградская область
тихорецк;Краснодарский край
тобольск;Тюменская область
тогучин;Новосибирская область
тольятти;Самарская область
томари;Сахалинская область
томмот;Республика Саха (Якутия)
томск;Томская область
топки;Кемеровская область — Кузбасс
торжок;Тверская область
торопец;Тверская область
тосно;Ленинградская область
тотьма;Вологодская область
трехгорный;Челябинская область
троицк;Челябинская область
трубчевск;Брянская область
туапсе;Краснодарский край
туймазы;Республика Башкортостан
тулун;Иркутская область
туран;Республика Тыва
туринск;Свердловская область
тутаев;Ярославская область
тында;Амурская область
тырныауз;Кабардино-Балкарская Республика
тюкалинск;Омская область
тюменская обл;Тюменская область
тюмень;Тюменская область
уварово;Тамбовская область
углегорск;Сахалинская область
углич;Ярославская область
удачный;Республика Саха (Якутия)
удомля;Тверская область
узловая;Тульская область
улан-удэ;Республика Бурятия
ульяновск;Ульяновская область
унеча;Брянская область
урень;Нижегородская область
уржум;Кировская область
урус-мартан;Чеченская Республика
урюпинск;Волгоградская область
усинск;Республика Коми
усмань;Липецкая область
усолье;Пермский край
усолье-сибирское;Иркутская область
уссурийск;Приморский край
усть-джегута;Карачаево-Черкесская Республика
усть-илимск;Иркутская область
усть-катав;Челябинская область
усть-кут;Иркутская область
усть-лабинск;Краснодарский край
устюжна;Вологодская область
учалы;Республика Башкортостан
фатеж;Курская область
феодосия;Республика Крым
фролово;Волгоградская область
фрязино;Московская область
фурманов;Ивановская область
хабаровск;Хабаровский край
хадыженск;Краснодарский край
ханты-мансийск;Ханты-Мансийский Автономный округ — Югра
харабали;Астраханская область
харовск;Вологодская область
хасавюрт;Республика Дагестан
хвалынск;Саратовская область
хилок;Забайкальский край
химки;Московская область
холмск;Сахалинская область
хотьково;Московская область
цивильск;Чувашская Республика — Чувашия
цимлянск;Ростовская область
циолковский;Амурская область
чадан;Республика Тыва
чайковский;Пермский край
чапаевск;Самарская область
чаплыгин;Липецкая область
чебаркуль;Челябинская область
чебоксары;Чувашская Республика — Чувашия
чегем;Кабардино-Балкарская Республика
чекалин;Тульская область
челябинск;Челябинская область
чердынь;Пермский край
черемхово;Иркутская область
черепаново;Новосибирская область
череповец;Вологодская область
черкесск;Карачаево-Черкесская Республика
чермоз;Пермский край
черноголовка;Московская область
черногорск;Республика Хакасия
чернушка;Пермский край
черняховск;Калининградская область
чехов;Московская область
чистополь;Республика Татарстан (Татарстан)
чкаловск;Нижегородская область
чуваш;Чувашская Республика — Чувашия
чудово;Новгородская область
чулым;Новосибирская область
чусовой;Пермский край
чухлома;Костромская область
шагонар;Республика Тыва
шадринск;Курганская область
шарыпово;Красноярский край
шарья;Костромская область
шатура;Московская область
шахты;Ростовская область
шахунья;Нижегородская область
шебекино;Белгородская область
шелехов;Иркутская область
шелковская;Чеченская Республика
шенкурск;Архангельская область
шилка;Забайкальский край
шимановск;Амурская область
шиханы;Саратовская область
шлиссельбург;Ленинградская область
шумерля;Чувашская Республика — Чувашия
шумиха;Курганская область
щекино;Тульская область
щелкино;Республика Крым
щелково;Московская область
щигры;Курская область
щучье;Курганская область
электрогорск;Московская область
электросталь;Московская область
электроугли;Московская область
элиста;Республика Калмыкия
энгельс;Саратовская область
эртиль;Воронежская область
югорск;Ханты-Мансийский Автономный округ — Югра
южно-сахалинск;Сахалинская область
южно-сухокумск;Республика Дагестан
южноуральск;Челябинская область
юрьев-польский;Владимирская область
юрьевец;Ивановская область
юрюзань;Челябинская область
юхнов;Калужская область
ядрин;Чувашская Республика — Чувашия
якутск;Республика Саха (Якутия)
ялта;Республика Крым
ялуторовск;Тюменская область
ямало-ненецкий ао;Тюменская область
янаул;Республика Башкортостан
яранск;Кировская область
яровое;Республика Алтай
ярославль;Ярославская область
ярцево;Смоленская область
ясногорск;Тульская область
ясный;Оренбургская область
яхрома;Московская область
тула;Тульская область
азов;Ростовская область
амурск;Хабаровский край
арск;Республика Татарстан (Татарстан)
аша;Челябинская область
бор;Нижегородская область
буй;Костромская область
гай;Оренбургская область
гдов;Псковская область
дно;Псковская область
ейск;Краснодарский край
елец;Липецкая область
емва;Республика Коми
зея;Амурская область
зима;Иркутская область
инза;Ульяновская область
инта;Республика Коми
ишим;Тюменская область
кемь;Республика Карелия
кирс;Кировская область
клин;Московская область
кола;Мурманская область
куса;Челябинская область
луга;Ленинградская область
луза;Кировская область
нея;Костромская область
обь;Новосибирская область
омск;Омская область
орск;Оренбургская область
оса;Пермский край
оха;Сахалинская область
очер;Пермский край
плес;Ивановская область
реж;Свердловская область
ржев;Тверская область
руза;Московская область
сим;Челябинская область
сочи;Краснодарский край
тара;Омская область
ужур;Красноярский край
урай;Ханты-Мансийский Автономный округ — Югра
уфа;Республика Башкортостан
ухта;Республика Коми
уяр;Красноярский край
холм;Новгородская область
чита;Забайкальский край
шали;Чеченская Республика
шацк;Рязанская область
шуя;Ивановская область
южа;Ивановская область
юрга;Кемеровская область — Кузбасс
