name;url
Альянс Трейд;https://uralbidin.ru/
Ru-Trade24;http://ru-trade24.ru/
Мойтендер;https://xn--d1abbnoievn.xn--p1ai/
АРБбитЛот;https://torgi.arbbitlot.ru/
Арбитат;http://arbitat.ru/
АУКЦИОНПРО;https://au-pro.ru/
Аукционы Сибири;https://ausib.ru/
Всероссийская Электронная Торговая Площадка;https://xn--80ab2alglp.xn--b1a0ai7b.xn--p1ai/
Митра;https://bankrot.viomitra.ru/
Агентство по государственному заказу Республики Татарстан;http://bankrot.zakazrf.ru/
Открытая торговая площадка;http://opentp.ru/
ПТП-Центр;https://ptp-center.ru/
Сибирская торговая площадка;https://sibtoptrade.ru/
ТоргГрупп;https://bankrot.torggroup.org/
АО "ЭТБ";http://ets24.ru/
Property Trade;https://propertytrade.ru/
RUSSIA OnLine;https://rus-on.ru/
Региональная торговая площадка;https://regtorg.com/
Системы Электронных Торгов;https://selt-online.ru/
ТЕНДЕР ГАРАНТ;https://tendergarant.com/
Вердиктъ;https://bankrot.vertrades.ru/
ELECTRO-TORGI.RU;https://bankrotstvo.electro-torgi.ru/
KARTOTEKA.RU;https://www.kartoteka.ru/
Tender Technologies;https://bankrupt.tender.one/
uTender;http://utender.ru/
АКОСТА info;https://www.akosta.info/
Альфалот;https://bankrupt.alfalot.ru/
АО «Сбербанк-АСТ»;https://utp.sberbank-ast.ru/
Аукцион-центр;https://aukcioncenter.ru/
Аукционы Дальнего Востока;https://torgidv.ru/
Балтийская электронная площадка;https://bankruptcy.bepspb.ru/
Гевея;https://heveya.ru/
Межрегиональная Электронная Торговая Система;https://m-ets.ru/
МЕТА-ИНВЕСТ;https://meta-invest.ru/
Объединенная Торговая Площадка;https://bankrupt.utpl.ru/
Южная Электронная Торговая Площадка;https://torgibankrot.ru/
Российский аукционный дом;https://www.lot-online.ru/
Систематорг;https://sistematorg.com/
ТендерСтандарт;https://tenderstandart.ru/
ТП "Фабрикант";https://www.fabrikant.ru/
Уральская электронная торговая площадка;https://bankrupt.etpu.ru/
Центр дистанционных торгов;https://bankrot.cdtrf.ru/
Аукционный тендерный центр;https://atctrade.ru/
Система Электронных Торгов Имуществом;https://www.seltim.ru/
Электронная площадка Центра реализации;https://bankrupt.centerr.ru/
Электронная площадка ЭСП;https://el-torg.com/
Евразийская торговая площадка;http://eurtp.ru/
Электронная торговая площадка "Профит";https://www.etp-profit.ru/
Электронная торговая площадка "Регион";https://gloriaservice.ru/
ЭТП "Пром-Консалтинг";https://promkonsalt.ru/
ЭТП "ЮГРА";http://etpugra.ru/
Росэлторг;https://www.roseltorg.ru/
ГИС Торги;https://torgi.gov.ru/
АО "НИС";https://nistp.ru/